movie_comments,movie_describe,movie_introduce,movie_name,movie_rank,movie_stars
1706689人评价,希望让人自由。,1994/美国/犯罪剧情,肖申克的救赎,1,9.7
1261939人评价,风华绝代。,1993/中国大陆中国香港/剧情爱情同性,霸王别姬,2,9.6
1318876人评价,一部美国近现代史。,1994/美国/剧情爱情,阿甘正传,3,9.5
1512344人评价,怪蜀黍和小萝莉不得不说的故事。,1994/法国/剧情动作犯罪,这个杀手不太冷,4,9.4
770256人评价,最美的谎言。,1997/意大利/剧情喜剧爱情战争,美丽人生,5,9.5
1255278人评价,失去的才是永恒的。 ,1997/美国/剧情爱情灾难,泰坦尼克号,6,9.4
1344169人评价,最好的宫崎骏，最好的久石让。 ,2001/日本/剧情动画奇幻,千与千寻,7,9.3
679118人评价,拯救一个人，就是拯救整个世界。,1993/美国/剧情历史战争,辛德勒的名单,8,9.5
1286352人评价,诺兰给了我们一场无法盗取的梦。,2010/美国英国/剧情科幻悬疑冒险,盗梦空间,9,9.3
871230人评价,永远都不能忘记你所爱的人。,2009/美国英国/剧情,忠犬八公的故事,10,9.3
1042360人评价,每个人都要走一条自己坚定了的路，就算是粉身碎骨。 ,1998/意大利/剧情音乐,海上钢琴师,11,9.3
851983人评价,小瓦力，大人生。,2008/美国/科幻动画冒险,机器人总动员,12,9.3
1166642人评价,英俊版憨豆，高情商版谢耳朵。,2009/印度/剧情喜剧爱情歌舞,三傻大闹宝莱坞,13,9.2
916702人评价,如果再也不能见到你，祝你早安，午安，晚安。,1998/美国/剧情科幻,楚门的世界,14,9.3
816614人评价,天籁一般的童声，是最接近上帝的存在。 ,2004/法国瑞士德国/剧情音乐,放牛班的春天,15,9.3
933179人评价,爱是一种力量，让我们超越时空感知它的存在。,2014/美国英国加拿大冰岛/剧情科幻冒险,星际穿越,16,9.3
913965人评价,一生所爱。,1995/中国香港中国大陆/喜剧爱情奇幻古装,大话西游之大圣娶亲,17,9.2
793934人评价,人人心中都有个龙猫，童年就永远不会消失。,1988/日本/动画奇幻冒险,龙猫,18,9.2
549255人评价,我们一路奋战不是为了改变世界，而是为了不让世界改变我们。,2011/韩国/剧情,熔炉,19,9.3
750503人评价,香港电影史上永不过时的杰作。,2002/中国香港/剧情犯罪悬疑,无间道,20,9.2
580488人评价,千万不要记恨你的对手，这样会让你失去理智。,1972/美国/剧情犯罪,教父,21,9.3
1067090人评价,迪士尼给我们营造的乌托邦就是这样，永远善良勇敢，永远出乎意料。,2016/美国/喜剧动画冒险,疯狂动物城,22,9.2
945493人评价,平民励志片。 ,2006/美国/剧情传记家庭,当幸福来敲门,23,9.1
1067931人评价,真正的幸福是来自内心深处。,2010/美国/剧情喜剧爱情,怦然心动,24,9.0
618177人评价,满满温情的高雅喜剧。,2011/法国/剧情喜剧,触不可及,25,9.2
628003人评价,无尽的黑暗。,2008/美国英国/剧情动作科幻犯罪惊悚,蝙蝠侠：黑暗骑士,26,9.2
486584人评价,张艺谋最好的电影。,1994/中国大陆中国香港/剧情历史家庭,活着,27,9.2
225395人评价,比利·怀德满分作品。,1957/美国/剧情犯罪悬疑,控方证人,28,9.6
421376人评价,Tomorrow is another day.,1939/美国/剧情历史爱情战争,乱世佳人,29,9.3
913271人评价,瑰丽壮观、无人能及的冒险之旅。,2012/美国中国台湾英国加拿大/剧情奇幻冒险,少年派的奇幻漂流,30,9.0
936721人评价,你不是在为你一个人战斗，你要让千千万万的女性看到女生并不是只能相夫教子。,2016/印度/剧情传记运动家庭,摔跤吧！爸爸,31,9.0
462559人评价,史诗的终章。,2003/美国新西兰/剧情动作奇幻冒险,指环王3：王者无敌,32,9.2
835426人评价,最后那些最无聊的事情，才是最值得怀念的。 ,2009/美国/剧情喜剧动画冒险,飞屋环游记,33,9.0
391147人评价,对敌人的仁慈，就是对自己残忍。,2000/中国大陆/剧情历史战争,鬼子来了,34,9.2
278878人评价,1957年的理想主义。 ,1957/美国/剧情,十二怒汉,35,9.4
538386人评价,对天空的追逐，永不停止。 ,1986/日本/动画奇幻冒险,天空之城,36,9.1
892554人评价,死亡不是真的逝去，遗忘才是永恒的消亡。,2017/美国/喜剧动画奇幻音乐,寻梦环游记,37,9.1
437855人评价,那些吻戏，那些青春，都在影院的黑暗里被泪水冲刷得无比清晰。,1988/意大利法国/剧情爱情,天堂电影院,38,9.2
404358人评价,“不要跟我比惨，我比你更惨”再适合这部电影不过了。,1987/英国意大利中国大陆法国/剧情传记历史,末代皇帝,39,9.2
737907人评价,旷古烁今。,1995/中国香港中国大陆/喜剧爱情奇幻古装,大话西游之月光宝盒,40,9.0
610124人评价,带着心爱的人在天空飞翔。,2004/日本/动画奇幻冒险,哈尔的移动城堡,41,9.0
617589人评价,爱情哪怕只有一天。,1953/美国/喜剧剧情爱情,罗马假日,42,9.0
574801人评价,邪恶与平庸蛰伏于同一个母体，在特定的时间互相对峙。,1999/美国德国/剧情动作悬疑惊悚,搏击俱乐部,43,9.0
531957人评价,史上最美的探戈。,1992/美国/剧情,闻香识女人,44,9.0
361260人评价,受过伤害的人总是笑得最开心，因为他们不愿意让身边的人承受一样的痛苦。,2013/韩国/剧情,素媛,45,9.2
370442人评价,电影的现实意义大过电影本身。,2013/韩国/剧情,辩护人,46,9.2
446069人评价,凝视卑弱生命，用电影改变命运。,2018/黎巴嫩法国美国/剧情,何以为家,47,9.1
362941人评价,别样人生。,2006/德国/剧情悬疑,窃听风暴,48,9.1
442110人评价,当一个死水般的体制内出现一个活跃的变数时，所有的腐臭都站在了光明的对面。,1989/美国/剧情,死亡诗社,49,9.1
316702人评价,优雅的孤独。,1974/美国/剧情犯罪,教父2,50,9.2
389137人评价,4个臭皮匠顶个诸葛亮，盖·里奇果然不是盖的。,1998/英国/剧情喜剧犯罪,两杆大烟枪,51,9.1
428440人评价,承前启后的史诗篇章。,2002/美国新西兰/剧情动作奇幻冒险,指环王2：双塔奇兵,52,9.1
393517人评价,自由万岁。,1975/美国/剧情,飞越疯人院,53,9.1
479205人评价,动物版《哈姆雷特》。,1994/美国/动画冒险歌舞,狮子王,54,9.0
481611人评价,传说的开始。,2001/新西兰美国/剧情动作奇幻冒险,指环王1：魔戒再现,55,9.0
679781人评价,一张面具背后的理想与革命。,2005/美国英国德国/剧情动作科幻惊悚,V字仇杀队,56,8.9
474605人评价,爱是一切逻辑和原由。,2001/美国/传记剧情,美丽心灵,57,9.0
341947人评价,人生不能像做菜，把所有的料都准备好了才下锅。,1994/中国台湾美国/剧情家庭,饮食男女,58,9.1
214750人评价,经典之作，历久弥新。,1961(中国大陆)/1964(中国大陆)/1978(中国大陆)/2004(中国大陆)/中国大陆/动画奇幻,大闹天宫,59,9.3
519865人评价,童话世界的开端。,2001/美国英国/奇幻冒险,哈利·波特与魔法石,60,8.9
316148人评价,音乐能化解仇恨。,2002/法国德国英国波兰/剧情传记历史战争音乐,钢琴家,61,9.1
259417人评价,海豚的微笑，是世界上最高明的伪装。,2009/美国/纪录片,海豚湾,62,9.3
620763人评价,在时间之河里感受溺水之苦。,2008/美国/剧情爱情奇幻,本杰明·巴顿奇事,63,8.9
473059人评价,视觉革命。,1999/美国澳大利亚/动作科幻,黑客帝国,64,9.0
578385人评价,暗恋的极致。,1995/日本/剧情爱情,情书,65,8.9
696938人评价,你以为你以为的就是你以为的。,2016/西班牙/剧情犯罪悬疑惊悚,看不见的客人,66,8.8
1009479人评价,你给我翻译翻译，神马叫做TMD的惊喜。,2010/中国大陆中国香港/剧情喜剧动作西部,让子弹飞,67,8.8
600918人评价,美丽无罪。,2000/意大利美国/剧情战争情色,西西里的美丽传说,68,8.8
456601人评价,骗子大师和执著警探的你追我跑故事。 ,2002/美国加拿大/传记犯罪剧情,猫鼠游戏,69,8.9
239638人评价,奔跑的孩子是天使。,1997/伊朗/剧情儿童家庭,小鞋子,70,9.2
399134人评价,美利坚精神输出大片No1.,1998/美国/剧情历史战争,拯救大兵瑞恩,71,9.0
266334人评价,往事如烟，无处祭奠。,1984/美国意大利/犯罪剧情,美国往事,72,9.2
1289267人评价,对我们国家而言，这样的电影多一部是一部。,2018/中国大陆/剧情喜剧,我不是药神,73,9.0
369042人评价,用音乐化解仇恨，让歌声串起美好。,1965/美国/剧情传记爱情歌舞,音乐之声,74,9.0
531597人评价,孪生蝙蝠侠大战克隆金刚狼。,2006/美国英国/剧情悬疑惊悚,致命魔术,75,8.8
628861人评价,警察抓小偷，老鼠玩死猫。,1995/美国/剧情犯罪悬疑惊悚,七宗罪,76,8.8
531683人评价,故事的高级讲法。,1994/美国/剧情喜剧犯罪,低俗小说,77,8.8
289481人评价,尽管有些不切实际的幻想，这部电影依旧是一部感人肺腑的佳作。,2008/英国美国/剧情战争,穿条纹睡衣的男孩,78,9.1
476860人评价,以戏谑来戏谑戏谑。,2006/日本/剧情歌舞,被嫌弃的松子的一生,79,8.9
530226人评价,安东尼·霍普金斯的顶级表演。,1991/美国/剧情犯罪惊悚,沉默的羔羊,80,8.8
584462人评价,人的命运被自己瞬间的抉择改变。,2004/美国加拿大/剧情悬疑科幻惊悚,蝴蝶效应,81,8.8
395067人评价,爱情纠缠，男女一致。,1997/中国香港日本韩国/剧情爱情同性,春光乍泄,82,8.9
432666人评价,人生中应该拥有这样的一段豁然开朗。,1997/美国/剧情,心灵捕手,83,8.9
578330人评价,昔日翩翩少年，今日大腹便便。,2010/美国/剧情悬疑惊悚,禁闭岛,84,8.8
407841人评价,史诗大片的典范。,1995/美国/动作传记剧情历史战争,勇敢的心,85,8.9
541850人评价,小清新的故事里注入了大历史的情怀。,2014/美国德国英国/剧情喜剧冒险,布达佩斯大饭店,86,8.8
716171人评价,浪漫忧郁的成人童话。,1990/美国/剧情奇幻爱情,剪刀手爱德华,87,8.7
693258人评价,法式小清新。 ,2001/法国德国/喜剧爱情,天使爱美丽,88,8.7
842928人评价,绝对意义上的美轮美奂。,2009/美国英国/动作科幻冒险,阿凡达,89,8.7
165697人评价,大时代中的人生，小人物的悲喜。,1936/美国/剧情喜剧爱情,摩登时代,90,9.3
557067人评价,约翰尼·德普的独角戏。,2003/美国/动作冒险奇幻,加勒比海盗,91,8.7
485616人评价,最不可能的那个人永远是最可能的。,2003/美国/剧情悬疑惊悚,致命ID,92,8.8
353561人评价,人与自然的战争史诗。,1997/日本/动画奇幻冒险,幽灵公主,93,8.9
478678人评价,每个人心中都有一座断背山。,2005/美国加拿大/剧情爱情同性家庭,断背山,94,8.8
418230人评价,死可能是一道门，逝去并不是终结，而是超越，走向下一程。,2008/日本/剧情,入殓师,95,8.8
561635人评价,我是一个演员。,1999/中国香港/喜剧剧情爱情,喜剧之王,96,8.7
403112人评价,一场华丽的意淫。,1994/中国大陆中国香港/剧情爱情,阳光灿烂的日子,97,8.8
502662人评价,寂寞没有期限。,1994/中国香港/剧情爱情,重庆森林,98,8.7
211324人评价,人言可畏。,2012/丹麦瑞典/剧情,狩猎,99,9.1
346371人评价,深入内心的恐怖，出人意料的结局。,1999/美国/剧情悬疑惊悚,第六感,100,8.8
175504人评价,如果生活中有什么使你感到快乐，那就去做吧！不要管别人说什么。,2015/德国瑞士南非/剧情冒险家庭,海蒂和爷爷,101,9.2
375952人评价,关于连环杀人悬案的集体回忆。,2003/韩国/犯罪剧情悬疑惊悚,杀人回忆,102,8.8
302748人评价,你是我最好的朋友，你是我唯一的朋友 。,2009/澳大利亚/剧情喜剧动画,玛丽和马克思,103,8.9
563321人评价,年度最佳date movie。,2014/美国/剧情犯罪悬疑惊悚,消失的爱人,104,8.7
247689人评价,那些静得只能听见呼吸的日子里，你明白孤独即生活。,2014/日本/剧情,小森林 夏秋篇,105,9.0
362283人评价,沉醉在电影的情感和视听氛围中无法自拔。,2017/意大利法国巴西美国荷兰德国/剧情爱情同性,请以你的名字呼唤我,106,8.8
494088人评价,没有一人完全善，也没有一人完全恶。,2010/日本/剧情惊悚,告白,107,8.7
222742人评价,我们都曾经是一一。,2000/中国台湾日本/剧情爱情家庭,一一,108,9.0
370970人评价,抱着梦想而活着的人是幸福的，怀抱梦想而死去的人是不朽的。,2003/美国/剧情家庭奇幻冒险,大鱼,109,8.8
351968人评价,缘分是个连绵词，最美不过一瞬。,1995/美国奥地利瑞士/剧情爱情,爱在黎明破晓前,110,8.8
231962人评价,梦的勾结。,2006/日本/动画悬疑科幻惊悚,红辣椒,111,9.0
403012人评价,再多各自牛逼的时光，也比不上一起傻逼的岁月。 ,2011/韩国/剧情喜剧,阳光姐妹淘,112,8.8
277269人评价,少女情怀总是诗。,1995/日本/剧情爱情动画,侧耳倾听,113,8.9
409115人评价,百看不厌。 ,1993/中国香港/喜剧奇幻武侠古装,射雕英雄传之东成西就,114,8.7
306270人评价,《我是山姆》的《美丽人生》。,2013/韩国/剧情喜剧家庭,7号房的礼物,115,8.8
325941人评价,相逢只要一瞬间，等待却像是一辈子。,1996/中国香港/剧情爱情,甜蜜蜜,116,8.8
280711人评价,穷尽一生，我们要学会的，不过是彼此拥抱。,2011/美国/剧情,超脱,117,8.9
432872人评价,两张绝世的脸。 ,1987/中国香港/爱情奇幻武侠古装,倩女幽魂,118,8.7
441646人评价,10年的完美句点。,2011/美国英国/剧情悬疑奇幻冒险,哈利·波特与死亡圣器(下),119,8.8
215061人评价,尊敬他人，尊敬你生活的这片土地，明白孤独是人生的常态。,2015/日本/剧情,小森林 冬春篇,120,9.0
470653人评价,和谐的生活离不开摸头与被摸头。,2010/美国/动画奇幻冒险,驯龙高手,121,8.7
448910人评价,诺兰就是保证。,2012/美国英国/剧情动作科幻犯罪惊悚,蝙蝠侠：黑暗骑士崛起,122,8.7
309819人评价,从没见过那么流氓的温柔，从没见过那么温柔的流氓。,1999/日本/剧情喜剧,菊次郎的夏天,123,8.8
378769人评价,恐怖分子的“秋菊打官司”。,2013/韩国/剧情犯罪悬疑,恐怖直播,124,8.8
306613人评价,九年后的重逢是世俗和责任的交叠，没了悸动和青涩，沧桑而温暖。,2004/美国/剧情爱情,爱在日落黄昏时,125,8.8
600377人评价,华太师是黄霑，吴镇宇四大才子之一。,1993/中国香港/喜剧爱情古装,唐伯虎点秋香,126,8.6
288777人评价,触不到的恋人。,2011/日本/剧情爱情动画奇幻,萤火之森,127,8.8
331820人评价,有时候幸福需要等一等。 ,2004/美国/喜剧剧情爱情,幸福终点站,128,8.8
611192人评价,Balalala~~~,2014/美国/喜剧动作科幻动画冒险,超能陆战队,129,8.6
257551人评价,动画片的圣经。,1984/日本/动画奇幻冒险,风之谷,130,8.8
329447人评价,曾经的那段美好会沉淀为一辈子的记忆。,2010/日本/动画奇幻冒险,借东西的小人阿莉埃蒂,131,8.8
151552人评价,我的平常生活就是他人的幸福。,2004/日本/剧情,无人知晓,132,9.1
615670人评价,Mr. I Don't Care其实也有Care的时候。,2010/美国法国/喜剧动画冒险,神偷奶爸,133,8.6
210477人评价,被上帝抛弃了的上帝之城。,2002/巴西法国/犯罪剧情,上帝之城,134,8.9
390875人评价,不要给它起名字，起了名字就有感情了。,2001/美国/儿童喜剧动画奇幻冒险,怪兽电力公司,135,8.7
302875人评价,跨度十五年的欢乐与泪水。,2010/美国/喜剧动画奇幻冒险,玩具总动员3,136,8.8
509194人评价,优秀的战争片不会美化战场，不会粉饰死亡，不会矮化敌人，不会无视常识，最重要的，不会宣扬战争。,2016/美国澳大利亚/剧情传记历史战争,血战钢锯岭,137,8.7
312139人评价,真相就在眼前。,2004/美国/悬疑惊悚恐怖,电锯惊魂,138,8.7
414484人评价,岁月流逝，来日可追。,2010/中国香港中国大陆/剧情家庭,岁月神偷,139,8.7
118029人评价,时代悲歌。,1954/日本/动作冒险剧情,七武士,140,9.2
210989人评价,中国家庭的喜怒哀乐忍。,1993/中国台湾美国/剧情喜剧爱情同性家庭,喜宴,141,8.9
272360人评价,像吃了苏打饼一样干脆的电影。,2007/美国德国/动作悬疑惊悚,谍影重重3,142,8.8
303955人评价,英雄泪短，兄弟情长。 ,1986/中国香港/剧情动作犯罪,英雄本色,143,8.7
851064人评价,,2018/美国/剧情喜剧传记,绿皮书,144,8.9
328766人评价,把每天当作最后一天般珍惜度过，积极拥抱生活，就是幸福。,2013/英国/喜剧爱情奇幻,时空恋旅人,145,8.7
461513人评价,爱是摈弃傲慢与偏见之后的曙光。,2005/法国英国美国/剧情爱情,傲慢与偏见,146,8.6
139999人评价,坏人的好总是比好人的好来得更感人。,1993/美国/剧情犯罪,完美的世界,147,9.1
552049人评价,老少皆宜，这就是好莱坞动画的魅力。,2013/美国/喜剧动画冒险,疯狂原始人,148,8.7
288415人评价,幸福是生生不息，却难以触及的远。 ,1988/日本/动画剧情战争,萤火虫之墓,149,8.7
387379人评价,电影诗。,1994/中国香港中国台湾/剧情动作爱情武侠古装,东邪西毒,150,8.6
344386人评价,这个世界从不善待努力的人，努力了也不一定会成功，但是知道自己在努力，就是活下去的动力。,2014/美国/剧情音乐,爆裂鼓手,151,8.7
208491人评价,任何信念的力量，都无法改变命运。,1990/美国/剧情犯罪,教父3,152,8.9
452684人评价,爱，是个动词。,2003/英国美国法国/喜剧剧情爱情,真爱至上,153,8.6
519512人评价,上帝之城+猜火车+阿甘正传+开心辞典=山寨富翁,2008/英国美国/剧情爱情,贫民窟的百万富翁,154,8.6
246932人评价,香港浪漫主义警匪动作片的巅峰之作。,1991/中国香港/剧情喜剧动作犯罪,纵横四海,155,8.8
296135人评价,荒诞讽刺，千奇百巧，抽丝剥茧，百转千回。,2014/中国大陆/剧情犯罪悬疑,心迷宫,156,8.7
385411人评价,热血沸腾，那个低俗、性感的无耻混蛋又来了。,2012/美国/剧情动作西部冒险,被解救的姜戈,157,8.7
394026人评价,一个针管引发的血案。,2000/美国/犯罪剧情悬疑惊悚,记忆碎片,158,8.6
577610人评价,黑暗之美。,2010/美国/剧情惊悚,黑天鹅,159,8.5
532594人评价,怼天怼地，你走后，她与世界为敌。,2017/美国英国/剧情犯罪,三块广告牌,160,8.7
244963人评价,始于荒诞，止于更荒诞。,2014/阿根廷西班牙/剧情喜剧犯罪,荒蛮故事,161,8.8
283169人评价,Jared Leto的腿比女人还美！,2013/美国/剧情传记同性,达拉斯买家俱乐部,162,8.8
145678人评价,想你时你在闹海。,1979/中国大陆/冒险动画奇幻,哪吒闹海,163,9.0
358157人评价,偷情本没有这样美。,2000/中国香港/剧情爱情,花样年华,164,8.6
174554人评价,爱并不需要智商 。,2001/美国/剧情家庭,我是山姆,165,8.9
835774人评价,穿越错位的时空，仰望陨落的星辰，你没留下你的名字，我却无法忘记那句“我爱你”。,2016/日本/剧情爱情动画,你的名字。,166,8.4
281200人评价,生活在自己的世界里，也可以让周围的人显得可笑和渺小。,1988/美国/剧情,雨人,167,8.7
173900人评价,当这个世界闭上双眼，他却敞开了怀抱。,2004/英国南非意大利/剧情历史战争,卢旺达饭店,168,8.9
364866人评价,愿我们都不用长大，每一座城堡都能永远存在。,2015/美国/喜剧动画冒险,头脑特工队,169,8.7
107727人评价,传奇的年代，醉人的童话。,1983(中国大陆)/2019(中国大陆重映)/中国大陆/动画奇幻,天书奇谭,170,9.2
891578人评价,写给影迷，动漫迷和游戏迷的一封情书。,2018/美国/动作科幻冒险,头号玩家,171,8.7
216045人评价,感情不分食草或者食肉。,2010/日本/剧情动画儿童,你看起来好像很好吃,172,8.8
313916人评价,我们都有权利不与自己的过去和解。,2016/美国/剧情家庭,海边的曼彻斯特,173,8.6
329901人评价,迪士尼和皮克斯拿错剧本的产物。,2012/美国/喜剧动画奇幻冒险,无敌破坏王,174,8.7
409256人评价,爱情没有那么多借口，如果不能圆满，只能说明爱的不够。 ,2004/美国/剧情爱情,恋恋笔记本,175,8.5
404162人评价,松鼠才是角儿。,2002/美国/喜剧动画冒险,冰川时代,176,8.5
161392人评价,好的剧本是，就算你猜到了结局也猜不到全部。,1997/日本/动画奇幻惊悚,未麻的部屋,177,8.9
527036人评价,警恶惩奸，维护世界和平这个任务就交给你了，好吗？,2004/中国大陆中国香港/动作喜剧犯罪奇幻,功夫,178,8.5
379085人评价,他给机器起名“克里斯托弗”，因为这是他初恋的名字。,2014/英国美国/剧情传记战争同性,模仿游戏,179,8.6
107790人评价,养狗三日，便会对你终其一生。,1987/日本/剧情,忠犬八公物语,180,9.1
215923人评价,惠及一生的美丽。,2015/瑞典/剧情,一个叫欧维的男人决定去死,181,8.8
184165人评价,有一些东西不应该被遗忘。,2015/中国大陆/纪录片,二十二,182,8.7
149150人评价,永远看不腻的喜剧。,1966/法国英国/喜剧战争,虎口脱险,183,8.9
132633人评价,骨灰级歌舞片。,1952/美国/喜剧歌舞爱情,雨中曲,184,9.0
247307人评价,不得不说，《黑客帝国》系列是商业片与科幻、哲学完美结合的典范。,2003/美国澳大利亚/动作科幻,黑客帝国3：矩阵革命,185,8.7
120503人评价,大海啊，不全是水。,2009/法国瑞士西班牙美国阿联酋/纪录片,海洋,186,9.1
275046人评价,对爱的执着，可以超越一切。,2001/美国/冒险剧情科幻,人工智能,187,8.6
234080人评价,是枝裕和的家庭习作。,2015/日本/剧情家庭,海街日记,188,8.7
246395人评价,被偷走的岁月，被伤害的生命，被禁锢的灵魂，终将被希望和善意救赎。,2015/爱尔兰加拿大英国美国/剧情家庭,房间,189,8.8
298148人评价,宫崎骏的电影总让人感觉世界是美好的，阳光明媚的。,1989/日本/动画奇幻冒险,魔女宅急便,190,8.6
194745人评价,传奇，不是每个人都可以拥有。,1994/美国/剧情爱情战争西部,燃情岁月,191,8.8
491761人评价,不要企图在重复中寻找已经失去的爱。,2009/英国澳大利亚/剧情悬疑惊悚,恐怖游轮,192,8.4
139359人评价,故事的反转与反转，分裂电影的始祖。,1960/美国/悬疑惊悚恐怖,惊魂记,193,8.9
266393人评价,爱上未来的你。 ,2006/日本/剧情爱情科幻动画,穿越时空的少女,194,8.6
190709人评价,人生的N种可能性。,1950/日本/犯罪剧情悬疑,罗生门,195,8.8
173783人评价,中国式内在的美国电影。,1940/美国/剧情爱情战争,魂断蓝桥,196,8.8
631107人评价,揭露人性的丧尸题材力作。,2016/韩国/动作惊悚灾难,釜山行,197,8.4
354062人评价,来啊，互相伤害啊！,2016/意大利/剧情喜剧,完美陌生人,198,8.5
317775人评价,不可猜的青春迷笛。 ,1996/英国/剧情犯罪,猜火车,199,8.5
353610人评价,世界不完美，爱会有奇迹。,2017/美国中国香港/剧情儿童家庭,奇迹男孩,200,8.6
488901人评价,中国版《两杆大烟枪》。,2006/中国大陆中国香港/喜剧犯罪,疯狂的石头,201,8.4
217444人评价,少见的超越首部的续集，动作片中的经典。,1991/美国法国/动作科幻,终结者2：审判日,202,8.7
315656人评价,王家卫是一种风格，张国荣是一个代表。,1990/中国香港/犯罪剧情爱情,阿飞正传,203,8.5
381597人评价,一个单凭体香达到高潮的男人。,2006/德国法国西班牙美国/剧情犯罪奇幻,香水,204,8.5
183391人评价,坚硬的信仰。,2004/中国大陆中国香港/剧情犯罪,可可西里,205,8.7
160658人评价,弱者送给弱者的一刀。,1991/中国台湾/剧情犯罪,牯岭街少年杀人事件,206,8.8
677562人评价,黑小鸭速效美白记。,2010/泰国/剧情喜剧爱情,初恋这件小事,207,8.4
54588人评价,,2017/日本/纪录片,人生果实,208,9.6
175151人评价,要做就做得狠一点，这样才能活下去。,2013/韩国/剧情犯罪,新世界,209,8.8
231826人评价,谁说王家卫镜头很晃？,2004/美国德国/动作悬疑惊悚,谍影重重2,210,8.6
276352人评价,哗啦啦啦啦，天在下雨，哗啦啦啦啦，云在哭泣……找自己。,2002/美国德国捷克/动作悬疑惊悚,谍影重重,211,8.6
237674人评价,做一颗让别人需要你的棋子。,2005/美国法国/剧情犯罪,战争之王,212,8.6
168562人评价,现代科幻电影的开山之作，最伟大导演的最伟大影片。,1968/英国美国/科幻惊悚冒险,2001太空漫游,213,8.8
180626人评价,所谓爱情，就是话唠一路，都不会心生腻烦，彼此嫌弃。,2013/美国希腊/剧情爱情,爱在午夜降临前,214,8.8
130230人评价,天使保护事件始末。,2007/印度/剧情儿童家庭,地球上的星星,215,8.9
182899人评价,世界离独裁只有五天。,2008/德国/剧情惊悚,浪潮,216,8.7
322512人评价,人生如此，浮生如斯。谁人言，花彼岸，此生情长意短。谁都是不懂爱的罢了。,1993/中国香港/剧情爱情奇幻古装,青蛇,217,8.5
344732人评价,当爱情跨越年龄的界限，它似乎能变得更久远一点，成为一种责任，一种水到渠成的相濡以沫。 ,2008/美国德国/剧情爱情,朗读者,218,8.5
277253人评价,嬉笑怒骂，调风动月。,1992/中国香港中国大陆/动作爱情武侠古装,新龙门客栈,219,8.6
314240人评价,昆汀同学越来越变态了，比北野武还杜琪峰。,2009/德国美国/剧情犯罪,无耻混蛋,220,8.5
542663人评价,邓肯·琼斯继《月球》之后再度奉献出一部精彩绝伦的科幻佳作。,2011/美国加拿大/科幻悬疑惊悚,源代码,221,8.4
152640人评价,日本的家庭电影已经是世界巅峰了，步履不停是巅峰中的佳作。,2008/日本/剧情家庭,步履不停,222,8.8
161278人评价,天使暂时离开。,1999/美国/犯罪剧情奇幻悬疑,绿里奇迹,223,8.8
296699人评价,不一样的导演，不一样的哈利·波特。,2004/英国美国/剧情奇幻冒险,哈利·波特与阿兹卡班的囚徒,224,8.5
297818人评价,宝莱坞的萝莉与大叔。,2015/印度/剧情喜剧动作,小萝莉的猴神大叔,225,8.4
262910人评价,爱我就给我看你的播放列表。,2013/美国/喜剧爱情音乐,再次出发之纽约遇见你,226,8.5
213841人评价,每个美丽事物背后都是滴血的现实。,2006/美国德国/剧情惊悚冒险,血钻,227,8.6
115355人评价,诺兰的牛逼来源于内心散发出的恐惧。,1998/英国/犯罪悬疑惊悚,追随,228,8.9
301275人评价,小成本大魅力。,2013/美国英国/科幻悬疑惊悚,彗星来的那一夜,229,8.5
70984人评价,永远的小人物，伟大的卓别林。,1931/美国/喜剧剧情爱情,城市之光,230,9.3
176990人评价,只有有信仰的人才能说出事实真相。,2011/伊朗法国/剧情家庭,一次别离,231,8.7
320813人评价,“多么美好的一天！”轰轰轰砰咚，啪哒哒哒轰隆隆，磅~,2015/澳大利亚美国/动作科幻冒险,疯狂的麦克斯4：狂暴之路,232,8.6
314707人评价,魔法的密室之门已打开...,2002/美国英国德国/奇幻冒险,哈利·波特与密室,233,8.5
78721人评价,东京那么大，如果有一天走失了，恐怕一辈子不能再相见。,1953/日本/剧情家庭,东京物语,234,9.2
183236人评价,新闻人的理性求真。,2015/美国/剧情传记,聚焦,235,8.8
229557人评价,天使与魔鬼的冲撞。,2004/美国德国/犯罪剧情,撞车,236,8.6
211520人评价,用剩余不多的时间，去燃烧整个生命。,2007/美国/冒险喜剧剧情,遗愿清单,237,8.6
256026人评价,我完全康复了。,1971/英国美国/犯罪剧情科幻,发条橙,238,8.5
151410人评价,一场没有春天的噩梦。,2000/美国/剧情,梦之安魂曲,239,8.7
486686人评价,,2018/日本/剧情犯罪家庭,小偷家族,240,8.7
396868人评价,,2007/中国台湾中国大陆美国中国香港/剧情爱情情色,色，戒,241,8.4
182445人评价,还原真实而残酷的战争。,2001/美国/动作历史战争,黑鹰坠落,242,8.6
548477人评价,过去的如果就让它过去了，未来只会越来越糟！,2016/中国大陆/剧情喜剧,驴得水,243,8.3
224444人评价,生病的E.T.皮肤的颜色就像柿子饼。,1982/美国/剧情科幻,E.T. 外星人,244,8.6
92217人评价,你要相信，这世上真的有爱存在，不管在什么年纪 ,2011/韩国/剧情爱情,我爱你,245,9.0
211082人评价,,2017/中国台湾/剧情喜剧犯罪,大佛普拉斯,246,8.7
146220人评价,没有了退路，只好飞向自由。,1991/美国法国/犯罪剧情惊悚,末路狂花,247,8.7
142912人评价,一部能引人思考的科幻励志片。,1997/美国/剧情科幻惊悚,千钧一发,248,8.7
287077人评价,当发哥的风衣、墨镜出现在了凯奇身上⋯⋯,1997/美国/动作科幻犯罪惊悚,变脸,249,8.5
257003人评价,科幻真正的魅力不是视觉效果能取代的。 ,2007/美国/剧情科幻,这个男人来自地球,250,8.5
movie_comments,movie_describe,movie_introduce,movie_name,movie_rank,movie_stars
1706689人评价,希望让人自由。,1994/美国/犯罪剧情,肖申克的救赎,1,9.7
1261939人评价,风华绝代。,1993/中国大陆中国香港/剧情爱情同性,霸王别姬,2,9.6
1318876人评价,一部美国近现代史。,1994/美国/剧情爱情,阿甘正传,3,9.5
1512344人评价,怪蜀黍和小萝莉不得不说的故事。,1994/法国/剧情动作犯罪,这个杀手不太冷,4,9.4
770256人评价,最美的谎言。,1997/意大利/剧情喜剧爱情战争,美丽人生,5,9.5
1255278人评价,失去的才是永恒的。 ,1997/美国/剧情爱情灾难,泰坦尼克号,6,9.4
1344169人评价,最好的宫崎骏，最好的久石让。 ,2001/日本/剧情动画奇幻,千与千寻,7,9.3
679118人评价,拯救一个人，就是拯救整个世界。,1993/美国/剧情历史战争,辛德勒的名单,8,9.5
1286352人评价,诺兰给了我们一场无法盗取的梦。,2010/美国英国/剧情科幻悬疑冒险,盗梦空间,9,9.3
871230人评价,永远都不能忘记你所爱的人。,2009/美国英国/剧情,忠犬八公的故事,10,9.3
1042360人评价,每个人都要走一条自己坚定了的路，就算是粉身碎骨。 ,1998/意大利/剧情音乐,海上钢琴师,11,9.3
851983人评价,小瓦力，大人生。,2008/美国/科幻动画冒险,机器人总动员,12,9.3
1166642人评价,英俊版憨豆，高情商版谢耳朵。,2009/印度/剧情喜剧爱情歌舞,三傻大闹宝莱坞,13,9.2
916702人评价,如果再也不能见到你，祝你早安，午安，晚安。,1998/美国/剧情科幻,楚门的世界,14,9.3
816614人评价,天籁一般的童声，是最接近上帝的存在。 ,2004/法国瑞士德国/剧情音乐,放牛班的春天,15,9.3
933179人评价,爱是一种力量，让我们超越时空感知它的存在。,2014/美国英国加拿大冰岛/剧情科幻冒险,星际穿越,16,9.3
913965人评价,一生所爱。,1995/中国香港中国大陆/喜剧爱情奇幻古装,大话西游之大圣娶亲,17,9.2
793934人评价,人人心中都有个龙猫，童年就永远不会消失。,1988/日本/动画奇幻冒险,龙猫,18,9.2
549255人评价,我们一路奋战不是为了改变世界，而是为了不让世界改变我们。,2011/韩国/剧情,熔炉,19,9.3
750503人评价,香港电影史上永不过时的杰作。,2002/中国香港/剧情犯罪悬疑,无间道,20,9.2
580488人评价,千万不要记恨你的对手，这样会让你失去理智。,1972/美国/剧情犯罪,教父,21,9.3
1067090人评价,迪士尼给我们营造的乌托邦就是这样，永远善良勇敢，永远出乎意料。,2016/美国/喜剧动画冒险,疯狂动物城,22,9.2
945493人评价,平民励志片。 ,2006/美国/剧情传记家庭,当幸福来敲门,23,9.1
1067931人评价,真正的幸福是来自内心深处。,2010/美国/剧情喜剧爱情,怦然心动,24,9.0
618177人评价,满满温情的高雅喜剧。,2011/法国/剧情喜剧,触不可及,25,9.2
628003人评价,无尽的黑暗。,2008/美国英国/剧情动作科幻犯罪惊悚,蝙蝠侠：黑暗骑士,26,9.2
486584人评价,张艺谋最好的电影。,1994/中国大陆中国香港/剧情历史家庭,活着,27,9.2
225395人评价,比利·怀德满分作品。,1957/美国/剧情犯罪悬疑,控方证人,28,9.6
421376人评价,Tomorrow is another day.,1939/美国/剧情历史爱情战争,乱世佳人,29,9.3
913271人评价,瑰丽壮观、无人能及的冒险之旅。,2012/美国中国台湾英国加拿大/剧情奇幻冒险,少年派的奇幻漂流,30,9.0
936721人评价,你不是在为你一个人战斗，你要让千千万万的女性看到女生并不是只能相夫教子。,2016/印度/剧情传记运动家庭,摔跤吧！爸爸,31,9.0
462559人评价,史诗的终章。,2003/美国新西兰/剧情动作奇幻冒险,指环王3：王者无敌,32,9.2
835426人评价,最后那些最无聊的事情，才是最值得怀念的。 ,2009/美国/剧情喜剧动画冒险,飞屋环游记,33,9.0
391147人评价,对敌人的仁慈，就是对自己残忍。,2000/中国大陆/剧情历史战争,鬼子来了,34,9.2
278878人评价,1957年的理想主义。 ,1957/美国/剧情,十二怒汉,35,9.4
538386人评价,对天空的追逐，永不停止。 ,1986/日本/动画奇幻冒险,天空之城,36,9.1
892554人评价,死亡不是真的逝去，遗忘才是永恒的消亡。,2017/美国/喜剧动画奇幻音乐,寻梦环游记,37,9.1
437855人评价,那些吻戏，那些青春，都在影院的黑暗里被泪水冲刷得无比清晰。,1988/意大利法国/剧情爱情,天堂电影院,38,9.2
404358人评价,“不要跟我比惨，我比你更惨”再适合这部电影不过了。,1987/英国意大利中国大陆法国/剧情传记历史,末代皇帝,39,9.2
737907人评价,旷古烁今。,1995/中国香港中国大陆/喜剧爱情奇幻古装,大话西游之月光宝盒,40,9.0
610124人评价,带着心爱的人在天空飞翔。,2004/日本/动画奇幻冒险,哈尔的移动城堡,41,9.0
617589人评价,爱情哪怕只有一天。,1953/美国/喜剧剧情爱情,罗马假日,42,9.0
574801人评价,邪恶与平庸蛰伏于同一个母体，在特定的时间互相对峙。,1999/美国德国/剧情动作悬疑惊悚,搏击俱乐部,43,9.0
531957人评价,史上最美的探戈。,1992/美国/剧情,闻香识女人,44,9.0
361260人评价,受过伤害的人总是笑得最开心，因为他们不愿意让身边的人承受一样的痛苦。,2013/韩国/剧情,素媛,45,9.2
370442人评价,电影的现实意义大过电影本身。,2013/韩国/剧情,辩护人,46,9.2
446069人评价,凝视卑弱生命，用电影改变命运。,2018/黎巴嫩法国美国/剧情,何以为家,47,9.1
362941人评价,别样人生。,2006/德国/剧情悬疑,窃听风暴,48,9.1
442110人评价,当一个死水般的体制内出现一个活跃的变数时，所有的腐臭都站在了光明的对面。,1989/美国/剧情,死亡诗社,49,9.1
316702人评价,优雅的孤独。,1974/美国/剧情犯罪,教父2,50,9.2
389137人评价,4个臭皮匠顶个诸葛亮，盖·里奇果然不是盖的。,1998/英国/剧情喜剧犯罪,两杆大烟枪,51,9.1
428440人评价,承前启后的史诗篇章。,2002/美国新西兰/剧情动作奇幻冒险,指环王2：双塔奇兵,52,9.1
393517人评价,自由万岁。,1975/美国/剧情,飞越疯人院,53,9.1
479205人评价,动物版《哈姆雷特》。,1994/美国/动画冒险歌舞,狮子王,54,9.0
481611人评价,传说的开始。,2001/新西兰美国/剧情动作奇幻冒险,指环王1：魔戒再现,55,9.0
679781人评价,一张面具背后的理想与革命。,2005/美国英国德国/剧情动作科幻惊悚,V字仇杀队,56,8.9
474605人评价,爱是一切逻辑和原由。,2001/美国/传记剧情,美丽心灵,57,9.0
341947人评价,人生不能像做菜，把所有的料都准备好了才下锅。,1994/中国台湾美国/剧情家庭,饮食男女,58,9.1
214750人评价,经典之作，历久弥新。,1961(中国大陆)/1964(中国大陆)/1978(中国大陆)/2004(中国大陆)/中国大陆/动画奇幻,大闹天宫,59,9.3
519865人评价,童话世界的开端。,2001/美国英国/奇幻冒险,哈利·波特与魔法石,60,8.9
316148人评价,音乐能化解仇恨。,2002/法国德国英国波兰/剧情传记历史战争音乐,钢琴家,61,9.1
259417人评价,海豚的微笑，是世界上最高明的伪装。,2009/美国/纪录片,海豚湾,62,9.3
620763人评价,在时间之河里感受溺水之苦。,2008/美国/剧情爱情奇幻,本杰明·巴顿奇事,63,8.9
473059人评价,视觉革命。,1999/美国澳大利亚/动作科幻,黑客帝国,64,9.0
578385人评价,暗恋的极致。,1995/日本/剧情爱情,情书,65,8.9
696938人评价,你以为你以为的就是你以为的。,2016/西班牙/剧情犯罪悬疑惊悚,看不见的客人,66,8.8
1009479人评价,你给我翻译翻译，神马叫做TMD的惊喜。,2010/中国大陆中国香港/剧情喜剧动作西部,让子弹飞,67,8.8
600918人评价,美丽无罪。,2000/意大利美国/剧情战争情色,西西里的美丽传说,68,8.8
456601人评价,骗子大师和执著警探的你追我跑故事。 ,2002/美国加拿大/传记犯罪剧情,猫鼠游戏,69,8.9
239638人评价,奔跑的孩子是天使。,1997/伊朗/剧情儿童家庭,小鞋子,70,9.2
399134人评价,美利坚精神输出大片No1.,1998/美国/剧情历史战争,拯救大兵瑞恩,71,9.0
266334人评价,往事如烟，无处祭奠。,1984/美国意大利/犯罪剧情,美国往事,72,9.2
1289267人评价,对我们国家而言，这样的电影多一部是一部。,2018/中国大陆/剧情喜剧,我不是药神,73,9.0
369042人评价,用音乐化解仇恨，让歌声串起美好。,1965/美国/剧情传记爱情歌舞,音乐之声,74,9.0
531597人评价,孪生蝙蝠侠大战克隆金刚狼。,2006/美国英国/剧情悬疑惊悚,致命魔术,75,8.8
628861人评价,警察抓小偷，老鼠玩死猫。,1995/美国/剧情犯罪悬疑惊悚,七宗罪,76,8.8
531683人评价,故事的高级讲法。,1994/美国/剧情喜剧犯罪,低俗小说,77,8.8
289481人评价,尽管有些不切实际的幻想，这部电影依旧是一部感人肺腑的佳作。,2008/英国美国/剧情战争,穿条纹睡衣的男孩,78,9.1
476860人评价,以戏谑来戏谑戏谑。,2006/日本/剧情歌舞,被嫌弃的松子的一生,79,8.9
530226人评价,安东尼·霍普金斯的顶级表演。,1991/美国/剧情犯罪惊悚,沉默的羔羊,80,8.8
584462人评价,人的命运被自己瞬间的抉择改变。,2004/美国加拿大/剧情悬疑科幻惊悚,蝴蝶效应,81,8.8
395067人评价,爱情纠缠，男女一致。,1997/中国香港日本韩国/剧情爱情同性,春光乍泄,82,8.9
432666人评价,人生中应该拥有这样的一段豁然开朗。,1997/美国/剧情,心灵捕手,83,8.9
578330人评价,昔日翩翩少年，今日大腹便便。,2010/美国/剧情悬疑惊悚,禁闭岛,84,8.8
407841人评价,史诗大片的典范。,1995/美国/动作传记剧情历史战争,勇敢的心,85,8.9
541850人评价,小清新的故事里注入了大历史的情怀。,2014/美国德国英国/剧情喜剧冒险,布达佩斯大饭店,86,8.8
716171人评价,浪漫忧郁的成人童话。,1990/美国/剧情奇幻爱情,剪刀手爱德华,87,8.7
693258人评价,法式小清新。 ,2001/法国德国/喜剧爱情,天使爱美丽,88,8.7
842928人评价,绝对意义上的美轮美奂。,2009/美国英国/动作科幻冒险,阿凡达,89,8.7
165697人评价,大时代中的人生，小人物的悲喜。,1936/美国/剧情喜剧爱情,摩登时代,90,9.3
557067人评价,约翰尼·德普的独角戏。,2003/美国/动作冒险奇幻,加勒比海盗,91,8.7
485616人评价,最不可能的那个人永远是最可能的。,2003/美国/剧情悬疑惊悚,致命ID,92,8.8
353561人评价,人与自然的战争史诗。,1997/日本/动画奇幻冒险,幽灵公主,93,8.9
478678人评价,每个人心中都有一座断背山。,2005/美国加拿大/剧情爱情同性家庭,断背山,94,8.8
418230人评价,死可能是一道门，逝去并不是终结，而是超越，走向下一程。,2008/日本/剧情,入殓师,95,8.8
561635人评价,我是一个演员。,1999/中国香港/喜剧剧情爱情,喜剧之王,96,8.7
403112人评价,一场华丽的意淫。,1994/中国大陆中国香港/剧情爱情,阳光灿烂的日子,97,8.8
502662人评价,寂寞没有期限。,1994/中国香港/剧情爱情,重庆森林,98,8.7
211324人评价,人言可畏。,2012/丹麦瑞典/剧情,狩猎,99,9.1
346371人评价,深入内心的恐怖，出人意料的结局。,1999/美国/剧情悬疑惊悚,第六感,100,8.8
175504人评价,如果生活中有什么使你感到快乐，那就去做吧！不要管别人说什么。,2015/德国瑞士南非/剧情冒险家庭,海蒂和爷爷,101,9.2
375952人评价,关于连环杀人悬案的集体回忆。,2003/韩国/犯罪剧情悬疑惊悚,杀人回忆,102,8.8
302748人评价,你是我最好的朋友，你是我唯一的朋友 。,2009/澳大利亚/剧情喜剧动画,玛丽和马克思,103,8.9
563321人评价,年度最佳date movie。,2014/美国/剧情犯罪悬疑惊悚,消失的爱人,104,8.7
247689人评价,那些静得只能听见呼吸的日子里，你明白孤独即生活。,2014/日本/剧情,小森林 夏秋篇,105,9.0
362283人评价,沉醉在电影的情感和视听氛围中无法自拔。,2017/意大利法国巴西美国荷兰德国/剧情爱情同性,请以你的名字呼唤我,106,8.8
494088人评价,没有一人完全善，也没有一人完全恶。,2010/日本/剧情惊悚,告白,107,8.7
222742人评价,我们都曾经是一一。,2000/中国台湾日本/剧情爱情家庭,一一,108,9.0
370970人评价,抱着梦想而活着的人是幸福的，怀抱梦想而死去的人是不朽的。,2003/美国/剧情家庭奇幻冒险,大鱼,109,8.8
351968人评价,缘分是个连绵词，最美不过一瞬。,1995/美国奥地利瑞士/剧情爱情,爱在黎明破晓前,110,8.8
231962人评价,梦的勾结。,2006/日本/动画悬疑科幻惊悚,红辣椒,111,9.0
403012人评价,再多各自牛逼的时光，也比不上一起傻逼的岁月。 ,2011/韩国/剧情喜剧,阳光姐妹淘,112,8.8
277269人评价,少女情怀总是诗。,1995/日本/剧情爱情动画,侧耳倾听,113,8.9
409115人评价,百看不厌。 ,1993/中国香港/喜剧奇幻武侠古装,射雕英雄传之东成西就,114,8.7
306270人评价,《我是山姆》的《美丽人生》。,2013/韩国/剧情喜剧家庭,7号房的礼物,115,8.8
325941人评价,相逢只要一瞬间，等待却像是一辈子。,1996/中国香港/剧情爱情,甜蜜蜜,116,8.8
280711人评价,穷尽一生，我们要学会的，不过是彼此拥抱。,2011/美国/剧情,超脱,117,8.9
432872人评价,两张绝世的脸。 ,1987/中国香港/爱情奇幻武侠古装,倩女幽魂,118,8.7
441646人评价,10年的完美句点。,2011/美国英国/剧情悬疑奇幻冒险,哈利·波特与死亡圣器(下),119,8.8
215061人评价,尊敬他人，尊敬你生活的这片土地，明白孤独是人生的常态。,2015/日本/剧情,小森林 冬春篇,120,9.0
470653人评价,和谐的生活离不开摸头与被摸头。,2010/美国/动画奇幻冒险,驯龙高手,121,8.7
448910人评价,诺兰就是保证。,2012/美国英国/剧情动作科幻犯罪惊悚,蝙蝠侠：黑暗骑士崛起,122,8.7
309819人评价,从没见过那么流氓的温柔，从没见过那么温柔的流氓。,1999/日本/剧情喜剧,菊次郎的夏天,123,8.8
378769人评价,恐怖分子的“秋菊打官司”。,2013/韩国/剧情犯罪悬疑,恐怖直播,124,8.8
306613人评价,九年后的重逢是世俗和责任的交叠，没了悸动和青涩，沧桑而温暖。,2004/美国/剧情爱情,爱在日落黄昏时,125,8.8
600377人评价,华太师是黄霑，吴镇宇四大才子之一。,1993/中国香港/喜剧爱情古装,唐伯虎点秋香,126,8.6
288777人评价,触不到的恋人。,2011/日本/剧情爱情动画奇幻,萤火之森,127,8.8
331820人评价,有时候幸福需要等一等。 ,2004/美国/喜剧剧情爱情,幸福终点站,128,8.8
611192人评价,Balalala~~~,2014/美国/喜剧动作科幻动画冒险,超能陆战队,129,8.6
257551人评价,动画片的圣经。,1984/日本/动画奇幻冒险,风之谷,130,8.8
329447人评价,曾经的那段美好会沉淀为一辈子的记忆。,2010/日本/动画奇幻冒险,借东西的小人阿莉埃蒂,131,8.8
151552人评价,我的平常生活就是他人的幸福。,2004/日本/剧情,无人知晓,132,9.1
615670人评价,Mr. I Don't Care其实也有Care的时候。,2010/美国法国/喜剧动画冒险,神偷奶爸,133,8.6
210477人评价,被上帝抛弃了的上帝之城。,2002/巴西法国/犯罪剧情,上帝之城,134,8.9
390875人评价,不要给它起名字，起了名字就有感情了。,2001/美国/儿童喜剧动画奇幻冒险,怪兽电力公司,135,8.7
302875人评价,跨度十五年的欢乐与泪水。,2010/美国/喜剧动画奇幻冒险,玩具总动员3,136,8.8
509194人评价,优秀的战争片不会美化战场，不会粉饰死亡，不会矮化敌人，不会无视常识，最重要的，不会宣扬战争。,2016/美国澳大利亚/剧情传记历史战争,血战钢锯岭,137,8.7
312139人评价,真相就在眼前。,2004/美国/悬疑惊悚恐怖,电锯惊魂,138,8.7
414484人评价,岁月流逝，来日可追。,2010/中国香港中国大陆/剧情家庭,岁月神偷,139,8.7
118029人评价,时代悲歌。,1954/日本/动作冒险剧情,七武士,140,9.2
210989人评价,中国家庭的喜怒哀乐忍。,1993/中国台湾美国/剧情喜剧爱情同性家庭,喜宴,141,8.9
272360人评价,像吃了苏打饼一样干脆的电影。,2007/美国德国/动作悬疑惊悚,谍影重重3,142,8.8
303955人评价,英雄泪短，兄弟情长。 ,1986/中国香港/剧情动作犯罪,英雄本色,143,8.7
851064人评价,,2018/美国/剧情喜剧传记,绿皮书,144,8.9
328766人评价,把每天当作最后一天般珍惜度过，积极拥抱生活，就是幸福。,2013/英国/喜剧爱情奇幻,时空恋旅人,145,8.7
461513人评价,爱是摈弃傲慢与偏见之后的曙光。,2005/法国英国美国/剧情爱情,傲慢与偏见,146,8.6
139999人评价,坏人的好总是比好人的好来得更感人。,1993/美国/剧情犯罪,完美的世界,147,9.1
552049人评价,老少皆宜，这就是好莱坞动画的魅力。,2013/美国/喜剧动画冒险,疯狂原始人,148,8.7
288415人评价,幸福是生生不息，却难以触及的远。 ,1988/日本/动画剧情战争,萤火虫之墓,149,8.7
387379人评价,电影诗。,1994/中国香港中国台湾/剧情动作爱情武侠古装,东邪西毒,150,8.6
344386人评价,这个世界从不善待努力的人，努力了也不一定会成功，但是知道自己在努力，就是活下去的动力。,2014/美国/剧情音乐,爆裂鼓手,151,8.7
208491人评价,任何信念的力量，都无法改变命运。,1990/美国/剧情犯罪,教父3,152,8.9
452684人评价,爱，是个动词。,2003/英国美国法国/喜剧剧情爱情,真爱至上,153,8.6
519512人评价,上帝之城+猜火车+阿甘正传+开心辞典=山寨富翁,2008/英国美国/剧情爱情,贫民窟的百万富翁,154,8.6
246932人评价,香港浪漫主义警匪动作片的巅峰之作。,1991/中国香港/剧情喜剧动作犯罪,纵横四海,155,8.8
296135人评价,荒诞讽刺，千奇百巧，抽丝剥茧，百转千回。,2014/中国大陆/剧情犯罪悬疑,心迷宫,156,8.7
385411人评价,热血沸腾，那个低俗、性感的无耻混蛋又来了。,2012/美国/剧情动作西部冒险,被解救的姜戈,157,8.7
394026人评价,一个针管引发的血案。,2000/美国/犯罪剧情悬疑惊悚,记忆碎片,158,8.6
577610人评价,黑暗之美。,2010/美国/剧情惊悚,黑天鹅,159,8.5
532594人评价,怼天怼地，你走后，她与世界为敌。,2017/美国英国/剧情犯罪,三块广告牌,160,8.7
244963人评价,始于荒诞，止于更荒诞。,2014/阿根廷西班牙/剧情喜剧犯罪,荒蛮故事,161,8.8
283169人评价,Jared Leto的腿比女人还美！,2013/美国/剧情传记同性,达拉斯买家俱乐部,162,8.8
145678人评价,想你时你在闹海。,1979/中国大陆/冒险动画奇幻,哪吒闹海,163,9.0
358157人评价,偷情本没有这样美。,2000/中国香港/剧情爱情,花样年华,164,8.6
174554人评价,爱并不需要智商 。,2001/美国/剧情家庭,我是山姆,165,8.9
835774人评价,穿越错位的时空，仰望陨落的星辰，你没留下你的名字，我却无法忘记那句“我爱你”。,2016/日本/剧情爱情动画,你的名字。,166,8.4
281200人评价,生活在自己的世界里，也可以让周围的人显得可笑和渺小。,1988/美国/剧情,雨人,167,8.7
173900人评价,当这个世界闭上双眼，他却敞开了怀抱。,2004/英国南非意大利/剧情历史战争,卢旺达饭店,168,8.9
364866人评价,愿我们都不用长大，每一座城堡都能永远存在。,2015/美国/喜剧动画冒险,头脑特工队,169,8.7
107727人评价,传奇的年代，醉人的童话。,1983(中国大陆)/2019(中国大陆重映)/中国大陆/动画奇幻,天书奇谭,170,9.2
891578人评价,写给影迷，动漫迷和游戏迷的一封情书。,2018/美国/动作科幻冒险,头号玩家,171,8.7
216045人评价,感情不分食草或者食肉。,2010/日本/剧情动画儿童,你看起来好像很好吃,172,8.8
313916人评价,我们都有权利不与自己的过去和解。,2016/美国/剧情家庭,海边的曼彻斯特,173,8.6
329901人评价,迪士尼和皮克斯拿错剧本的产物。,2012/美国/喜剧动画奇幻冒险,无敌破坏王,174,8.7
409256人评价,爱情没有那么多借口，如果不能圆满，只能说明爱的不够。 ,2004/美国/剧情爱情,恋恋笔记本,175,8.5
404162人评价,松鼠才是角儿。,2002/美国/喜剧动画冒险,冰川时代,176,8.5
161392人评价,好的剧本是，就算你猜到了结局也猜不到全部。,1997/日本/动画奇幻惊悚,未麻的部屋,177,8.9
527036人评价,警恶惩奸，维护世界和平这个任务就交给你了，好吗？,2004/中国大陆中国香港/动作喜剧犯罪奇幻,功夫,178,8.5
379085人评价,他给机器起名“克里斯托弗”，因为这是他初恋的名字。,2014/英国美国/剧情传记战争同性,模仿游戏,179,8.6
107790人评价,养狗三日，便会对你终其一生。,1987/日本/剧情,忠犬八公物语,180,9.1
215923人评价,惠及一生的美丽。,2015/瑞典/剧情,一个叫欧维的男人决定去死,181,8.8
184165人评价,有一些东西不应该被遗忘。,2015/中国大陆/纪录片,二十二,182,8.7
149150人评价,永远看不腻的喜剧。,1966/法国英国/喜剧战争,虎口脱险,183,8.9
132633人评价,骨灰级歌舞片。,1952/美国/喜剧歌舞爱情,雨中曲,184,9.0
247307人评价,不得不说，《黑客帝国》系列是商业片与科幻、哲学完美结合的典范。,2003/美国澳大利亚/动作科幻,黑客帝国3：矩阵革命,185,8.7
120503人评价,大海啊，不全是水。,2009/法国瑞士西班牙美国阿联酋/纪录片,海洋,186,9.1
275046人评价,对爱的执着，可以超越一切。,2001/美国/冒险剧情科幻,人工智能,187,8.6
234080人评价,是枝裕和的家庭习作。,2015/日本/剧情家庭,海街日记,188,8.7
246395人评价,被偷走的岁月，被伤害的生命，被禁锢的灵魂，终将被希望和善意救赎。,2015/爱尔兰加拿大英国美国/剧情家庭,房间,189,8.8
298148人评价,宫崎骏的电影总让人感觉世界是美好的，阳光明媚的。,1989/日本/动画奇幻冒险,魔女宅急便,190,8.6
194745人评价,传奇，不是每个人都可以拥有。,1994/美国/剧情爱情战争西部,燃情岁月,191,8.8
491761人评价,不要企图在重复中寻找已经失去的爱。,2009/英国澳大利亚/剧情悬疑惊悚,恐怖游轮,192,8.4
139359人评价,故事的反转与反转，分裂电影的始祖。,1960/美国/悬疑惊悚恐怖,惊魂记,193,8.9
266393人评价,爱上未来的你。 ,2006/日本/剧情爱情科幻动画,穿越时空的少女,194,8.6
190709人评价,人生的N种可能性。,1950/日本/犯罪剧情悬疑,罗生门,195,8.8
173783人评价,中国式内在的美国电影。,1940/美国/剧情爱情战争,魂断蓝桥,196,8.8
631107人评价,揭露人性的丧尸题材力作。,2016/韩国/动作惊悚灾难,釜山行,197,8.4
354062人评价,来啊，互相伤害啊！,2016/意大利/剧情喜剧,完美陌生人,198,8.5
317775人评价,不可猜的青春迷笛。 ,1996/英国/剧情犯罪,猜火车,199,8.5
353610人评价,世界不完美，爱会有奇迹。,2017/美国中国香港/剧情儿童家庭,奇迹男孩,200,8.6
488901人评价,中国版《两杆大烟枪》。,2006/中国大陆中国香港/喜剧犯罪,疯狂的石头,201,8.4
217444人评价,少见的超越首部的续集，动作片中的经典。,1991/美国法国/动作科幻,终结者2：审判日,202,8.7
315656人评价,王家卫是一种风格，张国荣是一个代表。,1990/中国香港/犯罪剧情爱情,阿飞正传,203,8.5
381597人评价,一个单凭体香达到高潮的男人。,2006/德国法国西班牙美国/剧情犯罪奇幻,香水,204,8.5
183391人评价,坚硬的信仰。,2004/中国大陆中国香港/剧情犯罪,可可西里,205,8.7
160658人评价,弱者送给弱者的一刀。,1991/中国台湾/剧情犯罪,牯岭街少年杀人事件,206,8.8
677562人评价,黑小鸭速效美白记。,2010/泰国/剧情喜剧爱情,初恋这件小事,207,8.4
54588人评价,,2017/日本/纪录片,人生果实,208,9.6
175151人评价,要做就做得狠一点，这样才能活下去。,2013/韩国/剧情犯罪,新世界,209,8.8
231826人评价,谁说王家卫镜头很晃？,2004/美国德国/动作悬疑惊悚,谍影重重2,210,8.6
276352人评价,哗啦啦啦啦，天在下雨，哗啦啦啦啦，云在哭泣……找自己。,2002/美国德国捷克/动作悬疑惊悚,谍影重重,211,8.6
237674人评价,做一颗让别人需要你的棋子。,2005/美国法国/剧情犯罪,战争之王,212,8.6
168562人评价,现代科幻电影的开山之作，最伟大导演的最伟大影片。,1968/英国美国/科幻惊悚冒险,2001太空漫游,213,8.8
180626人评价,所谓爱情，就是话唠一路，都不会心生腻烦，彼此嫌弃。,2013/美国希腊/剧情爱情,爱在午夜降临前,214,8.8
130230人评价,天使保护事件始末。,2007/印度/剧情儿童家庭,地球上的星星,215,8.9
182899人评价,世界离独裁只有五天。,2008/德国/剧情惊悚,浪潮,216,8.7
322512人评价,人生如此，浮生如斯。谁人言，花彼岸，此生情长意短。谁都是不懂爱的罢了。,1993/中国香港/剧情爱情奇幻古装,青蛇,217,8.5
344732人评价,当爱情跨越年龄的界限，它似乎能变得更久远一点，成为一种责任，一种水到渠成的相濡以沫。 ,2008/美国德国/剧情爱情,朗读者,218,8.5
277253人评价,嬉笑怒骂，调风动月。,1992/中国香港中国大陆/动作爱情武侠古装,新龙门客栈,219,8.6
314240人评价,昆汀同学越来越变态了，比北野武还杜琪峰。,2009/德国美国/剧情犯罪,无耻混蛋,220,8.5
542663人评价,邓肯·琼斯继《月球》之后再度奉献出一部精彩绝伦的科幻佳作。,2011/美国加拿大/科幻悬疑惊悚,源代码,221,8.4
152640人评价,日本的家庭电影已经是世界巅峰了，步履不停是巅峰中的佳作。,2008/日本/剧情家庭,步履不停,222,8.8
161278人评价,天使暂时离开。,1999/美国/犯罪剧情奇幻悬疑,绿里奇迹,223,8.8
296699人评价,不一样的导演，不一样的哈利·波特。,2004/英国美国/剧情奇幻冒险,哈利·波特与阿兹卡班的囚徒,224,8.5
297818人评价,宝莱坞的萝莉与大叔。,2015/印度/剧情喜剧动作,小萝莉的猴神大叔,225,8.4
262910人评价,爱我就给我看你的播放列表。,2013/美国/喜剧爱情音乐,再次出发之纽约遇见你,226,8.5
213841人评价,每个美丽事物背后都是滴血的现实。,2006/美国德国/剧情惊悚冒险,血钻,227,8.6
115355人评价,诺兰的牛逼来源于内心散发出的恐惧。,1998/英国/犯罪悬疑惊悚,追随,228,8.9
301275人评价,小成本大魅力。,2013/美国英国/科幻悬疑惊悚,彗星来的那一夜,229,8.5
70984人评价,永远的小人物，伟大的卓别林。,1931/美国/喜剧剧情爱情,城市之光,230,9.3
176990人评价,只有有信仰的人才能说出事实真相。,2011/伊朗法国/剧情家庭,一次别离,231,8.7
320813人评价,“多么美好的一天！”轰轰轰砰咚，啪哒哒哒轰隆隆，磅~,2015/澳大利亚美国/动作科幻冒险,疯狂的麦克斯4：狂暴之路,232,8.6
314707人评价,魔法的密室之门已打开...,2002/美国英国德国/奇幻冒险,哈利·波特与密室,233,8.5
78721人评价,东京那么大，如果有一天走失了，恐怕一辈子不能再相见。,1953/日本/剧情家庭,东京物语,234,9.2
183236人评价,新闻人的理性求真。,2015/美国/剧情传记,聚焦,235,8.8
229557人评价,天使与魔鬼的冲撞。,2004/美国德国/犯罪剧情,撞车,236,8.6
211520人评价,用剩余不多的时间，去燃烧整个生命。,2007/美国/冒险喜剧剧情,遗愿清单,237,8.6
256026人评价,我完全康复了。,1971/英国美国/犯罪剧情科幻,发条橙,238,8.5
151410人评价,一场没有春天的噩梦。,2000/美国/剧情,梦之安魂曲,239,8.7
486686人评价,,2018/日本/剧情犯罪家庭,小偷家族,240,8.7
396868人评价,,2007/中国台湾中国大陆美国中国香港/剧情爱情情色,色，戒,241,8.4
182445人评价,还原真实而残酷的战争。,2001/美国/动作历史战争,黑鹰坠落,242,8.6
548477人评价,过去的如果就让它过去了，未来只会越来越糟！,2016/中国大陆/剧情喜剧,驴得水,243,8.3
224444人评价,生病的E.T.皮肤的颜色就像柿子饼。,1982/美国/剧情科幻,E.T. 外星人,244,8.6
92217人评价,你要相信，这世上真的有爱存在，不管在什么年纪 ,2011/韩国/剧情爱情,我爱你,245,9.0
211082人评价,,2017/中国台湾/剧情喜剧犯罪,大佛普拉斯,246,8.7
146220人评价,没有了退路，只好飞向自由。,1991/美国法国/犯罪剧情惊悚,末路狂花,247,8.7
142912人评价,一部能引人思考的科幻励志片。,1997/美国/剧情科幻惊悚,千钧一发,248,8.7
287077人评价,当发哥的风衣、墨镜出现在了凯奇身上⋯⋯,1997/美国/动作科幻犯罪惊悚,变脸,249,8.5
257003人评价,科幻真正的魅力不是视觉效果能取代的。 ,2007/美国/剧情科幻,这个男人来自地球,250,8.5
movie_comments,movie_describe,movie_introduce,movie_name,movie_rank,movie_stars
1706790人评价,希望让人自由。,1994/美国/犯罪剧情,肖申克的救赎,1,9.7
1261939人评价,风华绝代。,1993/中国大陆中国香港/剧情爱情同性,霸王别姬,2,9.6
1318876人评价,一部美国近现代史。,1994/美国/剧情爱情,阿甘正传,3,9.5
1512344人评价,怪蜀黍和小萝莉不得不说的故事。,1994/法国/剧情动作犯罪,这个杀手不太冷,4,9.4
770546人评价,最美的谎言。,1997/意大利/剧情喜剧爱情战争,美丽人生,5,9.5
1255278人评价,失去的才是永恒的。 ,1997/美国/剧情爱情灾难,泰坦尼克号,6,9.4
1344587人评价,最好的宫崎骏，最好的久石让。 ,2001/日本/剧情动画奇幻,千与千寻,7,9.3
679118人评价,拯救一个人，就是拯救整个世界。,1993/美国/剧情历史战争,辛德勒的名单,8,9.5
1286352人评价,诺兰给了我们一场无法盗取的梦。,2010/美国英国/剧情科幻悬疑冒险,盗梦空间,9,9.3
871515人评价,永远都不能忘记你所爱的人。,2009/美国英国/剧情,忠犬八公的故事,10,9.3
1042360人评价,每个人都要走一条自己坚定了的路，就算是粉身碎骨。 ,1998/意大利/剧情音乐,海上钢琴师,11,9.3
851983人评价,小瓦力，大人生。,2008/美国/科幻动画冒险,机器人总动员,12,9.3
1166642人评价,英俊版憨豆，高情商版谢耳朵。,2009/印度/剧情喜剧爱情歌舞,三傻大闹宝莱坞,13,9.2
917067人评价,如果再也不能见到你，祝你早安，午安，晚安。,1998/美国/剧情科幻,楚门的世界,14,9.3
816614人评价,天籁一般的童声，是最接近上帝的存在。 ,2004/法国瑞士德国/剧情音乐,放牛班的春天,15,9.3
933179人评价,爱是一种力量，让我们超越时空感知它的存在。,2014/美国英国加拿大冰岛/剧情科幻冒险,星际穿越,16,9.3
913965人评价,一生所爱。,1995/中国香港中国大陆/喜剧爱情奇幻古装,大话西游之大圣娶亲,17,9.2
793934人评价,人人心中都有个龙猫，童年就永远不会消失。,1988/日本/动画奇幻冒险,龙猫,18,9.2
549482人评价,我们一路奋战不是为了改变世界，而是为了不让世界改变我们。,2011/韩国/剧情,熔炉,19,9.3
750503人评价,香港电影史上永不过时的杰作。,2002/中国香港/剧情犯罪悬疑,无间道,20,9.2
580488人评价,千万不要记恨你的对手，这样会让你失去理智。,1972/美国/剧情犯罪,教父,21,9.3
1067090人评价,迪士尼给我们营造的乌托邦就是这样，永远善良勇敢，永远出乎意料。,2016/美国/喜剧动画冒险,疯狂动物城,22,9.2
945493人评价,平民励志片。 ,2006/美国/剧情传记家庭,当幸福来敲门,23,9.1
1067931人评价,真正的幸福是来自内心深处。,2010/美国/剧情喜剧爱情,怦然心动,24,9.0
618177人评价,满满温情的高雅喜剧。,2011/法国/剧情喜剧,触不可及,25,9.2
628097人评价,无尽的黑暗。,2008/美国英国/剧情动作科幻犯罪惊悚,蝙蝠侠：黑暗骑士,26,9.2
486584人评价,张艺谋最好的电影。,1994/中国大陆中国香港/剧情历史家庭,活着,27,9.2
225395人评价,比利·怀德满分作品。,1957/美国/剧情犯罪悬疑,控方证人,28,9.6
421494人评价,Tomorrow is another day.,1939/美国/剧情历史爱情战争,乱世佳人,29,9.3
913496人评价,瑰丽壮观、无人能及的冒险之旅。,2012/美国中国台湾英国加拿大/剧情奇幻冒险,少年派的奇幻漂流,30,9.0
937122人评价,你不是在为你一个人战斗，你要让千千万万的女性看到女生并不是只能相夫教子。,2016/印度/剧情传记运动家庭,摔跤吧！爸爸,31,9.0
462693人评价,史诗的终章。,2003/美国新西兰/剧情动作奇幻冒险,指环王3：王者无敌,32,9.2
835426人评价,最后那些最无聊的事情，才是最值得怀念的。 ,2009/美国/剧情喜剧动画冒险,飞屋环游记,33,9.0
391147人评价,对敌人的仁慈，就是对自己残忍。,2000/中国大陆/剧情历史战争,鬼子来了,34,9.2
278878人评价,1957年的理想主义。 ,1957/美国/剧情,十二怒汉,35,9.4
538386人评价,对天空的追逐，永不停止。 ,1986/日本/动画奇幻冒险,天空之城,36,9.1
892898人评价,死亡不是真的逝去，遗忘才是永恒的消亡。,2017/美国/喜剧动画奇幻音乐,寻梦环游记,37,9.1
437855人评价,那些吻戏，那些青春，都在影院的黑暗里被泪水冲刷得无比清晰。,1988/意大利法国/剧情爱情,天堂电影院,38,9.2
404358人评价,“不要跟我比惨，我比你更惨”再适合这部电影不过了。,1987/英国意大利中国大陆法国/剧情传记历史,末代皇帝,39,9.2
738163人评价,旷古烁今。,1995/中国香港中国大陆/喜剧爱情奇幻古装,大话西游之月光宝盒,40,9.0
610281人评价,带着心爱的人在天空飞翔。,2004/日本/动画奇幻冒险,哈尔的移动城堡,41,9.0
617589人评价,爱情哪怕只有一天。,1953/美国/喜剧剧情爱情,罗马假日,42,9.0
574801人评价,邪恶与平庸蛰伏于同一个母体，在特定的时间互相对峙。,1999/美国德国/剧情动作悬疑惊悚,搏击俱乐部,43,9.0
531957人评价,史上最美的探戈。,1992/美国/剧情,闻香识女人,44,9.0
361260人评价,受过伤害的人总是笑得最开心，因为他们不愿意让身边的人承受一样的痛苦。,2013/韩国/剧情,素媛,45,9.2
370442人评价,电影的现实意义大过电影本身。,2013/韩国/剧情,辩护人,46,9.2
446069人评价,凝视卑弱生命，用电影改变命运。,2018/黎巴嫩法国美国/剧情,何以为家,47,9.1
362941人评价,别样人生。,2006/德国/剧情悬疑,窃听风暴,48,9.1
442110人评价,当一个死水般的体制内出现一个活跃的变数时，所有的腐臭都站在了光明的对面。,1989/美国/剧情,死亡诗社,49,9.1
316702人评价,优雅的孤独。,1974/美国/剧情犯罪,教父2,50,9.2
389161人评价,4个臭皮匠顶个诸葛亮，盖·里奇果然不是盖的。,1998/英国/剧情喜剧犯罪,两杆大烟枪,51,9.1
428440人评价,承前启后的史诗篇章。,2002/美国新西兰/剧情动作奇幻冒险,指环王2：双塔奇兵,52,9.1
393517人评价,自由万岁。,1975/美国/剧情,飞越疯人院,53,9.1
479205人评价,动物版《哈姆雷特》。,1994/美国/动画冒险歌舞,狮子王,54,9.0
481611人评价,传说的开始。,2001/新西兰美国/剧情动作奇幻冒险,指环王1：魔戒再现,55,9.0
679781人评价,一张面具背后的理想与革命。,2005/美国英国德国/剧情动作科幻惊悚,V字仇杀队,56,8.9
474605人评价,爱是一切逻辑和原由。,2001/美国/传记剧情,美丽心灵,57,9.0
342078人评价,人生不能像做菜，把所有的料都准备好了才下锅。,1994/中国台湾美国/剧情家庭,饮食男女,58,9.1
214750人评价,经典之作，历久弥新。,1961(中国大陆)/1964(中国大陆)/1978(中国大陆)/2004(中国大陆)/中国大陆/动画奇幻,大闹天宫,59,9.3
519865人评价,童话世界的开端。,2001/美国英国/奇幻冒险,哈利·波特与魔法石,60,8.9
316148人评价,音乐能化解仇恨。,2002/法国德国英国波兰/剧情传记历史战争音乐,钢琴家,61,9.1
259417人评价,海豚的微笑，是世界上最高明的伪装。,2009/美国/纪录片,海豚湾,62,9.3
620957人评价,在时间之河里感受溺水之苦。,2008/美国/剧情爱情奇幻,本杰明·巴顿奇事,63,8.9
473059人评价,视觉革命。,1999/美国澳大利亚/动作科幻,黑客帝国,64,9.0
578525人评价,暗恋的极致。,1995/日本/剧情爱情,情书,65,8.9
696938人评价,你以为你以为的就是你以为的。,2016/西班牙/剧情犯罪悬疑惊悚,看不见的客人,66,8.8
1009479人评价,你给我翻译翻译，神马叫做TMD的惊喜。,2010/中国大陆中国香港/剧情喜剧动作西部,让子弹飞,67,8.8
601133人评价,美丽无罪。,2000/意大利美国/剧情战争情色,西西里的美丽传说,68,8.8
456829人评价,骗子大师和执著警探的你追我跑故事。 ,2002/美国加拿大/传记犯罪剧情,猫鼠游戏,69,8.9
239638人评价,奔跑的孩子是天使。,1997/伊朗/剧情儿童家庭,小鞋子,70,9.2
399134人评价,美利坚精神输出大片No1.,1998/美国/剧情历史战争,拯救大兵瑞恩,71,9.0
266334人评价,往事如烟，无处祭奠。,1984/美国意大利/犯罪剧情,美国往事,72,9.2
1289267人评价,对我们国家而言，这样的电影多一部是一部。,2018/中国大陆/剧情喜剧,我不是药神,73,9.0
369042人评价,用音乐化解仇恨，让歌声串起美好。,1965/美国/剧情传记爱情歌舞,音乐之声,74,9.0
531597人评价,孪生蝙蝠侠大战克隆金刚狼。,2006/美国英国/剧情悬疑惊悚,致命魔术,75,8.8
628945人评价,警察抓小偷，老鼠玩死猫。,1995/美国/剧情犯罪悬疑惊悚,七宗罪,76,8.8
531683人评价,故事的高级讲法。,1994/美国/剧情喜剧犯罪,低俗小说,77,8.8
289481人评价,尽管有些不切实际的幻想，这部电影依旧是一部感人肺腑的佳作。,2008/英国美国/剧情战争,穿条纹睡衣的男孩,78,9.1
476860人评价,以戏谑来戏谑戏谑。,2006/日本/剧情歌舞,被嫌弃的松子的一生,79,8.9
530226人评价,安东尼·霍普金斯的顶级表演。,1991/美国/剧情犯罪惊悚,沉默的羔羊,80,8.8
584462人评价,人的命运被自己瞬间的抉择改变。,2004/美国加拿大/剧情悬疑科幻惊悚,蝴蝶效应,81,8.8
395067人评价,爱情纠缠，男女一致。,1997/中国香港日本韩国/剧情爱情同性,春光乍泄,82,8.9
432666人评价,人生中应该拥有这样的一段豁然开朗。,1997/美国/剧情,心灵捕手,83,8.9
578330人评价,昔日翩翩少年，今日大腹便便。,2010/美国/剧情悬疑惊悚,禁闭岛,84,8.8
407841人评价,史诗大片的典范。,1995/美国/动作传记剧情历史战争,勇敢的心,85,8.9
541850人评价,小清新的故事里注入了大历史的情怀。,2014/美国德国英国/剧情喜剧冒险,布达佩斯大饭店,86,8.8
716327人评价,浪漫忧郁的成人童话。,1990/美国/剧情奇幻爱情,剪刀手爱德华,87,8.7
693401人评价,法式小清新。 ,2001/法国德国/喜剧爱情,天使爱美丽,88,8.7
843172人评价,绝对意义上的美轮美奂。,2009/美国英国/动作科幻冒险,阿凡达,89,8.7
165697人评价,大时代中的人生，小人物的悲喜。,1936/美国/剧情喜剧爱情,摩登时代,90,9.3
557067人评价,约翰尼·德普的独角戏。,2003/美国/动作冒险奇幻,加勒比海盗,91,8.7
485616人评价,最不可能的那个人永远是最可能的。,2003/美国/剧情悬疑惊悚,致命ID,92,8.8
353645人评价,人与自然的战争史诗。,1997/日本/动画奇幻冒险,幽灵公主,93,8.9
478678人评价,每个人心中都有一座断背山。,2005/美国加拿大/剧情爱情同性家庭,断背山,94,8.8
418230人评价,死可能是一道门，逝去并不是终结，而是超越，走向下一程。,2008/日本/剧情,入殓师,95,8.8
561635人评价,我是一个演员。,1999/中国香港/喜剧剧情爱情,喜剧之王,96,8.7
403213人评价,一场华丽的意淫。,1994/中国大陆中国香港/剧情爱情,阳光灿烂的日子,97,8.8
502662人评价,寂寞没有期限。,1994/中国香港/剧情爱情,重庆森林,98,8.7
211324人评价,人言可畏。,2012/丹麦瑞典/剧情,狩猎,99,9.1
346371人评价,深入内心的恐怖，出人意料的结局。,1999/美国/剧情悬疑惊悚,第六感,100,8.8
175529人评价,如果生活中有什么使你感到快乐，那就去做吧！不要管别人说什么。,2015/德国瑞士南非/剧情冒险家庭,海蒂和爷爷,101,9.2
375952人评价,关于连环杀人悬案的集体回忆。,2003/韩国/犯罪剧情悬疑惊悚,杀人回忆,102,8.8
302815人评价,你是我最好的朋友，你是我唯一的朋友 。,2009/澳大利亚/剧情喜剧动画,玛丽和马克思,103,8.9
563321人评价,年度最佳date movie。,2014/美国/剧情犯罪悬疑惊悚,消失的爱人,104,8.7
247689人评价,那些静得只能听见呼吸的日子里，你明白孤独即生活。,2014/日本/剧情,小森林 夏秋篇,105,9.0
362283人评价,沉醉在电影的情感和视听氛围中无法自拔。,2017/意大利法国巴西美国荷兰德国/剧情爱情同性,请以你的名字呼唤我,106,8.8
494186人评价,没有一人完全善，也没有一人完全恶。,2010/日本/剧情惊悚,告白,107,8.7
222742人评价,我们都曾经是一一。,2000/中国台湾日本/剧情爱情家庭,一一,108,9.0
370970人评价,抱着梦想而活着的人是幸福的，怀抱梦想而死去的人是不朽的。,2003/美国/剧情家庭奇幻冒险,大鱼,109,8.8
352078人评价,缘分是个连绵词，最美不过一瞬。,1995/美国奥地利瑞士/剧情爱情,爱在黎明破晓前,110,8.8
232050人评价,梦的勾结。,2006/日本/动画悬疑科幻惊悚,红辣椒,111,9.0
403012人评价,再多各自牛逼的时光，也比不上一起傻逼的岁月。 ,2011/韩国/剧情喜剧,阳光姐妹淘,112,8.8
277269人评价,少女情怀总是诗。,1995/日本/剧情爱情动画,侧耳倾听,113,8.9
409115人评价,百看不厌。 ,1993/中国香港/喜剧奇幻武侠古装,射雕英雄传之东成西就,114,8.7
306270人评价,《我是山姆》的《美丽人生》。,2013/韩国/剧情喜剧家庭,7号房的礼物,115,8.8
325941人评价,相逢只要一瞬间，等待却像是一辈子。,1996/中国香港/剧情爱情,甜蜜蜜,116,8.8
280711人评价,穷尽一生，我们要学会的，不过是彼此拥抱。,2011/美国/剧情,超脱,117,8.9
432872人评价,两张绝世的脸。 ,1987/中国香港/爱情奇幻武侠古装,倩女幽魂,118,8.7
441646人评价,10年的完美句点。,2011/美国英国/剧情悬疑奇幻冒险,哈利·波特与死亡圣器(下),119,8.8
215061人评价,尊敬他人，尊敬你生活的这片土地，明白孤独是人生的常态。,2015/日本/剧情,小森林 冬春篇,120,9.0
470653人评价,和谐的生活离不开摸头与被摸头。,2010/美国/动画奇幻冒险,驯龙高手,121,8.7
449059人评价,诺兰就是保证。,2012/美国英国/剧情动作科幻犯罪惊悚,蝙蝠侠：黑暗骑士崛起,122,8.7
309927人评价,从没见过那么流氓的温柔，从没见过那么温柔的流氓。,1999/日本/剧情喜剧,菊次郎的夏天,123,8.8
378769人评价,恐怖分子的“秋菊打官司”。,2013/韩国/剧情犯罪悬疑,恐怖直播,124,8.8
306613人评价,九年后的重逢是世俗和责任的交叠，没了悸动和青涩，沧桑而温暖。,2004/美国/剧情爱情,爱在日落黄昏时,125,8.8
600377人评价,华太师是黄霑，吴镇宇四大才子之一。,1993/中国香港/喜剧爱情古装,唐伯虎点秋香,126,8.6
288777人评价,触不到的恋人。,2011/日本/剧情爱情动画奇幻,萤火之森,127,8.8
331840人评价,有时候幸福需要等一等。 ,2004/美国/喜剧剧情爱情,幸福终点站,128,8.8
611192人评价,Balalala~~~,2014/美国/喜剧动作科幻动画冒险,超能陆战队,129,8.6
257551人评价,动画片的圣经。,1984/日本/动画奇幻冒险,风之谷,130,8.8
329447人评价,曾经的那段美好会沉淀为一辈子的记忆。,2010/日本/动画奇幻冒险,借东西的小人阿莉埃蒂,131,8.8
151552人评价,我的平常生活就是他人的幸福。,2004/日本/剧情,无人知晓,132,9.1
615670人评价,Mr. I Don't Care其实也有Care的时候。,2010/美国法国/喜剧动画冒险,神偷奶爸,133,8.6
210477人评价,被上帝抛弃了的上帝之城。,2002/巴西法国/犯罪剧情,上帝之城,134,8.9
390875人评价,不要给它起名字，起了名字就有感情了。,2001/美国/儿童喜剧动画奇幻冒险,怪兽电力公司,135,8.7
302875人评价,跨度十五年的欢乐与泪水。,2010/美国/喜剧动画奇幻冒险,玩具总动员3,136,8.8
509354人评价,优秀的战争片不会美化战场，不会粉饰死亡，不会矮化敌人，不会无视常识，最重要的，不会宣扬战争。,2016/美国澳大利亚/剧情传记历史战争,血战钢锯岭,137,8.7
312139人评价,真相就在眼前。,2004/美国/悬疑惊悚恐怖,电锯惊魂,138,8.7
414484人评价,岁月流逝，来日可追。,2010/中国香港中国大陆/剧情家庭,岁月神偷,139,8.7
118063人评价,时代悲歌。,1954/日本/动作冒险剧情,七武士,140,9.2
210989人评价,中国家庭的喜怒哀乐忍。,1993/中国台湾美国/剧情喜剧爱情同性家庭,喜宴,141,8.9
272360人评价,像吃了苏打饼一样干脆的电影。,2007/美国德国/动作悬疑惊悚,谍影重重3,142,8.8
303955人评价,英雄泪短，兄弟情长。 ,1986/中国香港/剧情动作犯罪,英雄本色,143,8.7
851064人评价,,2018/美国/剧情喜剧传记,绿皮书,144,8.9
328766人评价,把每天当作最后一天般珍惜度过，积极拥抱生活，就是幸福。,2013/英国/喜剧爱情奇幻,时空恋旅人,145,8.7
461641人评价,爱是摈弃傲慢与偏见之后的曙光。,2005/法国英国美国/剧情爱情,傲慢与偏见,146,8.6
140042人评价,坏人的好总是比好人的好来得更感人。,1993/美国/剧情犯罪,完美的世界,147,9.1
552049人评价,老少皆宜，这就是好莱坞动画的魅力。,2013/美国/喜剧动画冒险,疯狂原始人,148,8.7
288425人评价,幸福是生生不息，却难以触及的远。 ,1988/日本/动画剧情战争,萤火虫之墓,149,8.7
387379人评价,电影诗。,1994/中国香港中国台湾/剧情动作爱情武侠古装,东邪西毒,150,8.6
344386人评价,这个世界从不善待努力的人，努力了也不一定会成功，但是知道自己在努力，就是活下去的动力。,2014/美国/剧情音乐,爆裂鼓手,151,8.7
208570人评价,任何信念的力量，都无法改变命运。,1990/美国/剧情犯罪,教父3,152,8.9
452684人评价,爱，是个动词。,2003/英国美国法国/喜剧剧情爱情,真爱至上,153,8.6
519582人评价,上帝之城+猜火车+阿甘正传+开心辞典=山寨富翁,2008/英国美国/剧情爱情,贫民窟的百万富翁,154,8.6
247018人评价,香港浪漫主义警匪动作片的巅峰之作。,1991/中国香港/剧情喜剧动作犯罪,纵横四海,155,8.8
296225人评价,荒诞讽刺，千奇百巧，抽丝剥茧，百转千回。,2014/中国大陆/剧情犯罪悬疑,心迷宫,156,8.7
385411人评价,热血沸腾，那个低俗、性感的无耻混蛋又来了。,2012/美国/剧情动作西部冒险,被解救的姜戈,157,8.7
394026人评价,一个针管引发的血案。,2000/美国/犯罪剧情悬疑惊悚,记忆碎片,158,8.6
577610人评价,黑暗之美。,2010/美国/剧情惊悚,黑天鹅,159,8.5
532594人评价,怼天怼地，你走后，她与世界为敌。,2017/美国英国/剧情犯罪,三块广告牌,160,8.7
245041人评价,始于荒诞，止于更荒诞。,2014/阿根廷西班牙/剧情喜剧犯罪,荒蛮故事,161,8.8
283169人评价,Jared Leto的腿比女人还美！,2013/美国/剧情传记同性,达拉斯买家俱乐部,162,8.8
145678人评价,想你时你在闹海。,1979/中国大陆/冒险动画奇幻,哪吒闹海,163,9.0
358157人评价,偷情本没有这样美。,2000/中国香港/剧情爱情,花样年华,164,8.6
174554人评价,爱并不需要智商 。,2001/美国/剧情家庭,我是山姆,165,8.9
835774人评价,穿越错位的时空，仰望陨落的星辰，你没留下你的名字，我却无法忘记那句“我爱你”。,2016/日本/剧情爱情动画,你的名字。,166,8.4
281247人评价,生活在自己的世界里，也可以让周围的人显得可笑和渺小。,1988/美国/剧情,雨人,167,8.7
173900人评价,当这个世界闭上双眼，他却敞开了怀抱。,2004/英国南非意大利/剧情历史战争,卢旺达饭店,168,8.9
364978人评价,愿我们都不用长大，每一座城堡都能永远存在。,2015/美国/喜剧动画冒险,头脑特工队,169,8.7
107727人评价,传奇的年代，醉人的童话。,1983(中国大陆)/2019(中国大陆重映)/中国大陆/动画奇幻,天书奇谭,170,9.2
891578人评价,写给影迷，动漫迷和游戏迷的一封情书。,2018/美国/动作科幻冒险,头号玩家,171,8.7
216105人评价,感情不分食草或者食肉。,2010/日本/剧情动画儿童,你看起来好像很好吃,172,8.8
313916人评价,我们都有权利不与自己的过去和解。,2016/美国/剧情家庭,海边的曼彻斯特,173,8.6
329901人评价,迪士尼和皮克斯拿错剧本的产物。,2012/美国/喜剧动画奇幻冒险,无敌破坏王,174,8.7
409323人评价,爱情没有那么多借口，如果不能圆满，只能说明爱的不够。 ,2004/美国/剧情爱情,恋恋笔记本,175,8.5
404226人评价,松鼠才是角儿。,2002/美国/喜剧动画冒险,冰川时代,176,8.5
161392人评价,好的剧本是，就算你猜到了结局也猜不到全部。,1997/日本/动画奇幻惊悚,未麻的部屋,177,8.9
527288人评价,警恶惩奸，维护世界和平这个任务就交给你了，好吗？,2004/中国大陆中国香港/动作喜剧犯罪奇幻,功夫,178,8.5
379085人评价,他给机器起名“克里斯托弗”，因为这是他初恋的名字。,2014/英国美国/剧情传记战争同性,模仿游戏,179,8.6
107790人评价,养狗三日，便会对你终其一生。,1987/日本/剧情,忠犬八公物语,180,9.1
215923人评价,惠及一生的美丽。,2015/瑞典/剧情,一个叫欧维的男人决定去死,181,8.8
184165人评价,有一些东西不应该被遗忘。,2015/中国大陆/纪录片,二十二,182,8.7
149150人评价,永远看不腻的喜剧。,1966/法国英国/喜剧战争,虎口脱险,183,8.9
132633人评价,骨灰级歌舞片。,1952/美国/喜剧歌舞爱情,雨中曲,184,9.0
247411人评价,不得不说，《黑客帝国》系列是商业片与科幻、哲学完美结合的典范。,2003/美国澳大利亚/动作科幻,黑客帝国3：矩阵革命,185,8.7
120503人评价,大海啊，不全是水。,2009/法国瑞士西班牙美国阿联酋/纪录片,海洋,186,9.1
275046人评价,对爱的执着，可以超越一切。,2001/美国/冒险剧情科幻,人工智能,187,8.6
234080人评价,是枝裕和的家庭习作。,2015/日本/剧情家庭,海街日记,188,8.7
246395人评价,被偷走的岁月，被伤害的生命，被禁锢的灵魂，终将被希望和善意救赎。,2015/爱尔兰加拿大英国美国/剧情家庭,房间,189,8.8
298148人评价,宫崎骏的电影总让人感觉世界是美好的，阳光明媚的。,1989/日本/动画奇幻冒险,魔女宅急便,190,8.6
194745人评价,传奇，不是每个人都可以拥有。,1994/美国/剧情爱情战争西部,燃情岁月,191,8.8
491901人评价,不要企图在重复中寻找已经失去的爱。,2009/英国澳大利亚/剧情悬疑惊悚,恐怖游轮,192,8.4
139359人评价,故事的反转与反转，分裂电影的始祖。,1960/美国/悬疑惊悚恐怖,惊魂记,193,8.9
266393人评价,爱上未来的你。 ,2006/日本/剧情爱情科幻动画,穿越时空的少女,194,8.6
190775人评价,人生的N种可能性。,1950/日本/犯罪剧情悬疑,罗生门,195,8.8
173783人评价,中国式内在的美国电影。,1940/美国/剧情爱情战争,魂断蓝桥,196,8.8
631391人评价,揭露人性的丧尸题材力作。,2016/韩国/动作惊悚灾难,釜山行,197,8.4
354062人评价,来啊，互相伤害啊！,2016/意大利/剧情喜剧,完美陌生人,198,8.5
317811人评价,不可猜的青春迷笛。 ,1996/英国/剧情犯罪,猜火车,199,8.5
353610人评价,世界不完美，爱会有奇迹。,2017/美国中国香港/剧情儿童家庭,奇迹男孩,200,8.6
488967人评价,中国版《两杆大烟枪》。,2006/中国大陆中国香港/喜剧犯罪,疯狂的石头,201,8.4
217444人评价,少见的超越首部的续集，动作片中的经典。,1991/美国法国/动作科幻,终结者2：审判日,202,8.7
315656人评价,王家卫是一种风格，张国荣是一个代表。,1990/中国香港/犯罪剧情爱情,阿飞正传,203,8.5
381597人评价,一个单凭体香达到高潮的男人。,2006/德国法国西班牙美国/剧情犯罪奇幻,香水,204,8.5
183391人评价,坚硬的信仰。,2004/中国大陆中国香港/剧情犯罪,可可西里,205,8.7
160658人评价,弱者送给弱者的一刀。,1991/中国台湾/剧情犯罪,牯岭街少年杀人事件,206,8.8
677739人评价,黑小鸭速效美白记。,2010/泰国/剧情喜剧爱情,初恋这件小事,207,8.4
54588人评价,,2017/日本/纪录片,人生果实,208,9.6
175151人评价,要做就做得狠一点，这样才能活下去。,2013/韩国/剧情犯罪,新世界,209,8.8
231826人评价,谁说王家卫镜头很晃？,2004/美国德国/动作悬疑惊悚,谍影重重2,210,8.6
276352人评价,哗啦啦啦啦，天在下雨，哗啦啦啦啦，云在哭泣……找自己。,2002/美国德国捷克/动作悬疑惊悚,谍影重重,211,8.6
237674人评价,做一颗让别人需要你的棋子。,2005/美国法国/剧情犯罪,战争之王,212,8.6
168649人评价,现代科幻电影的开山之作，最伟大导演的最伟大影片。,1968/英国美国/科幻惊悚冒险,2001太空漫游,213,8.8
180626人评价,所谓爱情，就是话唠一路，都不会心生腻烦，彼此嫌弃。,2013/美国希腊/剧情爱情,爱在午夜降临前,214,8.8
130274人评价,天使保护事件始末。,2007/印度/剧情儿童家庭,地球上的星星,215,8.9
182944人评价,世界离独裁只有五天。,2008/德国/剧情惊悚,浪潮,216,8.7
322512人评价,人生如此，浮生如斯。谁人言，花彼岸，此生情长意短。谁都是不懂爱的罢了。,1993/中国香港/剧情爱情奇幻古装,青蛇,217,8.5
344732人评价,当爱情跨越年龄的界限，它似乎能变得更久远一点，成为一种责任，一种水到渠成的相濡以沫。 ,2008/美国德国/剧情爱情,朗读者,218,8.5
277328人评价,嬉笑怒骂，调风动月。,1992/中国香港中国大陆/动作爱情武侠古装,新龙门客栈,219,8.6
314240人评价,昆汀同学越来越变态了，比北野武还杜琪峰。,2009/德国美国/剧情犯罪,无耻混蛋,220,8.5
542663人评价,邓肯·琼斯继《月球》之后再度奉献出一部精彩绝伦的科幻佳作。,2011/美国加拿大/科幻悬疑惊悚,源代码,221,8.4
152640人评价,日本的家庭电影已经是世界巅峰了，步履不停是巅峰中的佳作。,2008/日本/剧情家庭,步履不停,222,8.8
161278人评价,天使暂时离开。,1999/美国/犯罪剧情奇幻悬疑,绿里奇迹,223,8.8
296699人评价,不一样的导演，不一样的哈利·波特。,2004/英国美国/剧情奇幻冒险,哈利·波特与阿兹卡班的囚徒,224,8.5
297818人评价,宝莱坞的萝莉与大叔。,2015/印度/剧情喜剧动作,小萝莉的猴神大叔,225,8.4
262910人评价,爱我就给我看你的播放列表。,2013/美国/喜剧爱情音乐,再次出发之纽约遇见你,226,8.5
213914人评价,每个美丽事物背后都是滴血的现实。,2006/美国德国/剧情惊悚冒险,血钻,227,8.6
115382人评价,诺兰的牛逼来源于内心散发出的恐惧。,1998/英国/犯罪悬疑惊悚,追随,228,8.9
301370人评价,小成本大魅力。,2013/美国英国/科幻悬疑惊悚,彗星来的那一夜,229,8.5
70984人评价,永远的小人物，伟大的卓别林。,1931/美国/喜剧剧情爱情,城市之光,230,9.3
177038人评价,只有有信仰的人才能说出事实真相。,2011/伊朗法国/剧情家庭,一次别离,231,8.7
320923人评价,“多么美好的一天！”轰轰轰砰咚，啪哒哒哒轰隆隆，磅~,2015/澳大利亚美国/动作科幻冒险,疯狂的麦克斯4：狂暴之路,232,8.6
314707人评价,魔法的密室之门已打开...,2002/美国英国德国/奇幻冒险,哈利·波特与密室,233,8.5
78721人评价,东京那么大，如果有一天走失了，恐怕一辈子不能再相见。,1953/日本/剧情家庭,东京物语,234,9.2
183276人评价,新闻人的理性求真。,2015/美国/剧情传记,聚焦,235,8.8
229568人评价,天使与魔鬼的冲撞。,2004/美国德国/犯罪剧情,撞车,236,8.6
211520人评价,用剩余不多的时间，去燃烧整个生命。,2007/美国/冒险喜剧剧情,遗愿清单,237,8.6
256026人评价,我完全康复了。,1971/英国美国/犯罪剧情科幻,发条橙,238,8.5
151410人评价,一场没有春天的噩梦。,2000/美国/剧情,梦之安魂曲,239,8.7
486686人评价,,2018/日本/剧情犯罪家庭,小偷家族,240,8.7
396868人评价,,2007/中国台湾中国大陆美国中国香港/剧情爱情情色,色，戒,241,8.4
182494人评价,还原真实而残酷的战争。,2001/美国/动作历史战争,黑鹰坠落,242,8.6
548477人评价,过去的如果就让它过去了，未来只会越来越糟！,2016/中国大陆/剧情喜剧,驴得水,243,8.3
224507人评价,生病的E.T.皮肤的颜色就像柿子饼。,1982/美国/剧情科幻,E.T. 外星人,244,8.6
92217人评价,你要相信，这世上真的有爱存在，不管在什么年纪 ,2011/韩国/剧情爱情,我爱你,245,9.0
211082人评价,,2017/中国台湾/剧情喜剧犯罪,大佛普拉斯,246,8.7
146220人评价,没有了退路，只好飞向自由。,1991/美国法国/犯罪剧情惊悚,末路狂花,247,8.7
142954人评价,一部能引人思考的科幻励志片。,1997/美国/剧情科幻惊悚,千钧一发,248,8.7
287077人评价,当发哥的风衣、墨镜出现在了凯奇身上⋯⋯,1997/美国/动作科幻犯罪惊悚,变脸,249,8.5
257070人评价,科幻真正的魅力不是视觉效果能取代的。 ,2007/美国/剧情科幻,这个男人来自地球,250,8.5
